{
  "inodes": 6,
  "hnodes": 8,
  "onodes": 1,
  "wih": {
    "rows": 8,
    "cols": 6,
    "matrix": [
      [
        4.615475060120785,
        -1.5922041658756383,
        -3.1727257568525777,
        5.199773624575368,
        -0.15656952869859544,
        -1.8125776679586374
      ],
      [
        -5.34299367830633,
        2.266002394130797,
        2.9270020285749694,
        3.6415855334314204,
        2.601388053228255,
        -1.8811920311036268
      ],
      [
        -5.008385812323235,
        -0.022362672171819753,
        -10.128259245609733,
        4.771767228745019,
        2.1634894207539395,
        0.37063165540868587
      ],
      [
        2.9812157811317848,
        3.435064971497833,
        -7.403293768203674,
        2.530648546090606,
        0.29045514152411644,
        -5.44078615734092
      ],
      [
        -3.804737915588586,
        1.205587318915874,
        3.7771276120853705,
        -7.40077738117962,
        1.4923882250190386,
        -0.8913178359592959
      ],
      [
        -0.8525694652851101,
        -4.962744718399129,
        4.805374687779586,
        -0.9949299716369598,
        -2.3329199062377937,
        -5.897134245186322
      ],
      [
        -7.228243310936232,
        -0.7047554787338756,
        7.019450005418616,
        -3.350527288313306,
        -6.893284682329697,
        -6.254870981602693
      ],
      [
        -17.60281319663524,
        -9.5903616597478,
        -0.5555822413821168,
        2.527333768442966,
        -2.9147735092045126,
        4.925838712130924
      ]
    ]
  },
  "who": {
    "rows": 1,
    "cols": 8,
    "matrix": [
      [
        5.117760010847387,
        -4.568585805721004,
        -0.1526568731678492,
        -2.8934955741900286,
        -0.15023865897100425,
        3.3842518070335537,
        -3.663751403390568,
        -0.19524951610988572
      ]
    ]
  }
}
